feature_name,train_mean,train_std
feat_gx_rad_s,-0.028483941640394528,0.2490767862913309
feat_gy_rad_s,0.0007923791039384645,0.3680232847738974
feat_gz_rad_s,0.034366639791679136,0.2629861087553802
feat_ax_m_s2,-0.027505036846954864,6.071910233173024
feat_ay_m_s2,1.080226312176673,2.5801694970446634
feat_az_m_s2,9.824363167508874,4.801300217222537
feat_eskf_vx_m_s,-34.81539023572545,96.97705486286932
feat_eskf_vy_m_s,-53.64054190479166,210.16233160210675
feat_eskf_vz_m_s,-85.48981774327679,315.34519321534856
feat_rot6d_r11,0.38528216058755016,0.6839217310141058
feat_rot6d_r21,0.02573087556687619,0.5471942471181874
feat_rot6d_r31,0.011039281785570544,0.2891422399188415
feat_rot6d_r12,-0.058765910189423516,0.5729189709531108
feat_rot6d_r22,0.3536387345983471,0.698660912268313
feat_rot6d_r32,0.11270747830825086,0.20596120977252635
feat_sigma_px_m,3929.185452094561,10112.498277645307
feat_sigma_py_m,3414.502601894658,8433.439192780337
feat_sigma_pz_m,1499.1788918739808,6794.23114180437
feat_sigma_vx_m_s,82.0905290617061,182.47662079604
feat_sigma_vy_m_s,69.86807889395057,140.90122728664736
feat_sigma_vz_m_s,32.23804355716763,133.30295601569546
feat_sigma_theta_x_rad,0.1793862870096174,0.28647227554808946
feat_sigma_theta_y_rad,0.18315608672469041,0.28798288684155976
feat_sigma_theta_z_rad,0.4188773657761057,0.43135155902988376
